show_id,season_number,episode_number,episode_id,episode_title,runtime_min
queen-of-tears,1,1,queen-of-tears-s01e01,S01E01,78
queen-of-tears,1,2,queen-of-tears-s01e02,S01E02,78
queen-of-tears,1,3,queen-of-tears-s01e03,S01E03,78
queen-of-tears,1,4,queen-of-tears-s01e04,S01E04,78
queen-of-tears,1,5,queen-of-tears-s01e05,S01E05,78
queen-of-tears,1,6,queen-of-tears-s01e06,S01E06,78
queen-of-tears,1,7,queen-of-tears-s01e07,S01E07,78
queen-of-tears,1,8,queen-of-tears-s01e08,S01E08,78
queen-of-tears,1,9,queen-of-tears-s01e09,S01E09,78
queen-of-tears,1,10,queen-of-tears-s01e10,S01E10,78
queen-of-tears,1,11,queen-of-tears-s01e11,S01E11,78
queen-of-tears,1,12,queen-of-tears-s01e12,S01E12,78
queen-of-tears,1,13,queen-of-tears-s01e13,S01E13,78
queen-of-tears,1,14,queen-of-tears-s01e14,S01E14,78
queen-of-tears,1,15,queen-of-tears-s01e15,S01E15,78
queen-of-tears,1,16,queen-of-tears-s01e16,S01E16,78
alchemy-of-souls,1,1,alchemy-of-souls-s01e01,S01E01,75
alchemy-of-souls,1,2,alchemy-of-souls-s01e02,S01E02,75
alchemy-of-souls,1,3,alchemy-of-souls-s01e03,S01E03,75
alchemy-of-souls,1,4,alchemy-of-souls-s01e04,S01E04,75
alchemy-of-souls,1,5,alchemy-of-souls-s01e05,S01E05,75
alchemy-of-souls,1,6,alchemy-of-souls-s01e06,S01E06,75
alchemy-of-souls,1,7,alchemy-of-souls-s01e07,S01E07,75
alchemy-of-souls,1,8,alchemy-of-souls-s01e08,S01E08,75
alchemy-of-souls,1,9,alchemy-of-souls-s01e09,S01E09,75
alchemy-of-souls,1,10,alchemy-of-souls-s01e10,S01E10,75
alchemy-of-souls,1,11,alchemy-of-souls-s01e11,S01E11,75
alchemy-of-souls,1,12,alchemy-of-souls-s01e12,S01E12,75
alchemy-of-souls,1,13,alchemy-of-souls-s01e13,S01E13,75
alchemy-of-souls,1,14,alchemy-of-souls-s01e14,S01E14,75
alchemy-of-souls,1,15,alchemy-of-souls-s01e15,S01E15,75
alchemy-of-souls,2,1,alchemy-of-souls-s02e01,S02E01,75
alchemy-of-souls,2,2,alchemy-of-souls-s02e02,S02E02,75
alchemy-of-souls,2,3,alchemy-of-souls-s02e03,S02E03,75
alchemy-of-souls,2,4,alchemy-of-souls-s02e04,S02E04,75
alchemy-of-souls,2,5,alchemy-of-souls-s02e05,S02E05,75
alchemy-of-souls,2,6,alchemy-of-souls-s02e06,S02E06,75
alchemy-of-souls,2,7,alchemy-of-souls-s02e07,S02E07,75
alchemy-of-souls,2,8,alchemy-of-souls-s02e08,S02E08,75
alchemy-of-souls,2,9,alchemy-of-souls-s02e09,S02E09,75
alchemy-of-souls,2,10,alchemy-of-souls-s02e10,S02E10,75
alchemy-of-souls,2,11,alchemy-of-souls-s02e11,S02E11,75
alchemy-of-souls,2,12,alchemy-of-souls-s02e12,S02E12,75
alchemy-of-souls,2,13,alchemy-of-souls-s02e13,S02E13,75
alchemy-of-souls,2,14,alchemy-of-souls-s02e14,S02E14,75
alchemy-of-souls,2,15,alchemy-of-souls-s02e15,S02E15,75
hometown-cha-cha-cha,1,1,hometown-cha-cha-cha-s01e01,S01E01,76
hometown-cha-cha-cha,1,2,hometown-cha-cha-cha-s01e02,S01E02,76
hometown-cha-cha-cha,1,3,hometown-cha-cha-cha-s01e03,S01E03,76
hometown-cha-cha-cha,1,4,hometown-cha-cha-cha-s01e04,S01E04,76
hometown-cha-cha-cha,1,5,hometown-cha-cha-cha-s01e05,S01E05,76
hometown-cha-cha-cha,1,6,hometown-cha-cha-cha-s01e06,S01E06,76
hometown-cha-cha-cha,1,7,hometown-cha-cha-cha-s01e07,S01E07,76
hometown-cha-cha-cha,1,8,hometown-cha-cha-cha-s01e08,S01E08,76
hometown-cha-cha-cha,1,9,hometown-cha-cha-cha-s01e09,S01E09,76
hometown-cha-cha-cha,1,10,hometown-cha-cha-cha-s01e10,S01E10,76
hometown-cha-cha-cha,1,11,hometown-cha-cha-cha-s01e11,S01E11,76
hometown-cha-cha-cha,1,12,hometown-cha-cha-cha-s01e12,S01E12,76
hometown-cha-cha-cha,1,13,hometown-cha-cha-cha-s01e13,S01E13,76
hometown-cha-cha-cha,1,14,hometown-cha-cha-cha-s01e14,S01E14,76
hometown-cha-cha-cha,1,15,hometown-cha-cha-cha-s01e15,S01E15,76
hometown-cha-cha-cha,1,16,hometown-cha-cha-cha-s01e16,S01E16,76
crash-landing-on-you,1,1,crash-landing-on-you-s01e01,S01E01,79
crash-landing-on-you,1,2,crash-landing-on-you-s01e02,S01E02,79
crash-landing-on-you,1,3,crash-landing-on-you-s01e03,S01E03,79
crash-landing-on-you,1,4,crash-landing-on-you-s01e04,S01E04,79
crash-landing-on-you,1,5,crash-landing-on-you-s01e05,S01E05,79
crash-landing-on-you,1,6,crash-landing-on-you-s01e06,S01E06,79
crash-landing-on-you,1,7,crash-landing-on-you-s01e07,S01E07,79
crash-landing-on-you,1,8,crash-landing-on-you-s01e08,S01E08,79
crash-landing-on-you,1,9,crash-landing-on-you-s01e09,S01E09,79
crash-landing-on-you,1,10,crash-landing-on-you-s01e10,S01E10,79
crash-landing-on-you,1,11,crash-landing-on-you-s01e11,S01E11,79
crash-landing-on-you,1,12,crash-landing-on-you-s01e12,S01E12,79
crash-landing-on-you,1,13,crash-landing-on-you-s01e13,S01E13,79
crash-landing-on-you,1,14,crash-landing-on-you-s01e14,S01E14,79
crash-landing-on-you,1,15,crash-landing-on-you-s01e15,S01E15,79
crash-landing-on-you,1,16,crash-landing-on-you-s01e16,S01E16,79
it-s-okay-to-not-be-okay,1,1,it-s-okay-to-not-be-okay-s01e01,S01E01,73
it-s-okay-to-not-be-okay,1,2,it-s-okay-to-not-be-okay-s01e02,S01E02,73
it-s-okay-to-not-be-okay,1,3,it-s-okay-to-not-be-okay-s01e03,S01E03,73
it-s-okay-to-not-be-okay,1,4,it-s-okay-to-not-be-okay-s01e04,S01E04,73
it-s-okay-to-not-be-okay,1,5,it-s-okay-to-not-be-okay-s01e05,S01E05,73
it-s-okay-to-not-be-okay,1,6,it-s-okay-to-not-be-okay-s01e06,S01E06,73
it-s-okay-to-not-be-okay,1,7,it-s-okay-to-not-be-okay-s01e07,S01E07,73
it-s-okay-to-not-be-okay,1,8,it-s-okay-to-not-be-okay-s01e08,S01E08,73
it-s-okay-to-not-be-okay,1,9,it-s-okay-to-not-be-okay-s01e09,S01E09,73
it-s-okay-to-not-be-okay,1,10,it-s-okay-to-not-be-okay-s01e10,S01E10,73
it-s-okay-to-not-be-okay,1,11,it-s-okay-to-not-be-okay-s01e11,S01E11,73
it-s-okay-to-not-be-okay,1,12,it-s-okay-to-not-be-okay-s01e12,S01E12,73
it-s-okay-to-not-be-okay,1,13,it-s-okay-to-not-be-okay-s01e13,S01E13,73
it-s-okay-to-not-be-okay,1,14,it-s-okay-to-not-be-okay-s01e14,S01E14,73
it-s-okay-to-not-be-okay,1,15,it-s-okay-to-not-be-okay-s01e15,S01E15,73
it-s-okay-to-not-be-okay,1,16,it-s-okay-to-not-be-okay-s01e16,S01E16,73
start-up,1,1,start-up-s01e01,S01E01,73
start-up,1,2,start-up-s01e02,S01E02,73
start-up,1,3,start-up-s01e03,S01E03,73
start-up,1,4,start-up-s01e04,S01E04,73
start-up,1,5,start-up-s01e05,S01E05,73
start-up,1,6,start-up-s01e06,S01E06,73
start-up,1,7,start-up-s01e07,S01E07,73
start-up,1,8,start-up-s01e08,S01E08,73
start-up,1,9,start-up-s01e09,S01E09,73
start-up,1,10,start-up-s01e10,S01E10,73
start-up,1,11,start-up-s01e11,S01E11,73
start-up,1,12,start-up-s01e12,S01E12,73
start-up,1,13,start-up-s01e13,S01E13,73
start-up,1,14,start-up-s01e14,S01E14,73
start-up,1,15,start-up-s01e15,S01E15,73
start-up,1,16,start-up-s01e16,S01E16,73
vincenzo,1,1,vincenzo-s01e01,S01E01,80
vincenzo,1,2,vincenzo-s01e02,S01E02,80
vincenzo,1,3,vincenzo-s01e03,S01E03,80
vincenzo,1,4,vincenzo-s01e04,S01E04,80
vincenzo,1,5,vincenzo-s01e05,S01E05,80
vincenzo,1,6,vincenzo-s01e06,S01E06,80
vincenzo,1,7,vincenzo-s01e07,S01E07,80
vincenzo,1,8,vincenzo-s01e08,S01E08,80
vincenzo,1,9,vincenzo-s01e09,S01E09,80
vincenzo,1,10,vincenzo-s01e10,S01E10,80
vincenzo,1,11,vincenzo-s01e11,S01E11,80
vincenzo,1,12,vincenzo-s01e12,S01E12,80
vincenzo,1,13,vincenzo-s01e13,S01E13,80
vincenzo,1,14,vincenzo-s01e14,S01E14,80
vincenzo,1,15,vincenzo-s01e15,S01E15,80
vincenzo,1,16,vincenzo-s01e16,S01E16,80
vincenzo,1,17,vincenzo-s01e17,S01E17,80
vincenzo,1,18,vincenzo-s01e18,S01E18,80
vincenzo,1,19,vincenzo-s01e19,S01E19,80
vincenzo,1,20,vincenzo-s01e20,S01E20,80
mr-sunshine,1,1,mr-sunshine-s01e01,S01E01,75
mr-sunshine,1,2,mr-sunshine-s01e02,S01E02,75
mr-sunshine,1,3,mr-sunshine-s01e03,S01E03,75
mr-sunshine,1,4,mr-sunshine-s01e04,S01E04,75
mr-sunshine,1,5,mr-sunshine-s01e05,S01E05,75
mr-sunshine,1,6,mr-sunshine-s01e06,S01E06,75
mr-sunshine,1,7,mr-sunshine-s01e07,S01E07,75
mr-sunshine,1,8,mr-sunshine-s01e08,S01E08,75
mr-sunshine,1,9,mr-sunshine-s01e09,S01E09,75
mr-sunshine,1,10,mr-sunshine-s01e10,S01E10,75
mr-sunshine,1,11,mr-sunshine-s01e11,S01E11,75
mr-sunshine,1,12,mr-sunshine-s01e12,S01E12,75
mr-sunshine,1,13,mr-sunshine-s01e13,S01E13,75
mr-sunshine,1,14,mr-sunshine-s01e14,S01E14,75
mr-sunshine,1,15,mr-sunshine-s01e15,S01E15,75
mr-sunshine,1,16,mr-sunshine-s01e16,S01E16,75
mr-sunshine,1,17,mr-sunshine-s01e17,S01E17,75
mr-sunshine,1,18,mr-sunshine-s01e18,S01E18,75
mr-sunshine,1,19,mr-sunshine-s01e19,S01E19,75
mr-sunshine,1,20,mr-sunshine-s01e20,S01E20,75
mr-sunshine,1,21,mr-sunshine-s01e21,S01E21,75
mr-sunshine,1,22,mr-sunshine-s01e22,S01E22,75
mr-sunshine,1,23,mr-sunshine-s01e23,S01E23,75
mr-sunshine,1,24,mr-sunshine-s01e24,S01E24,75
memories-of-the-alhambra,1,1,memories-of-the-alhambra-s01e01,S01E01,70
memories-of-the-alhambra,1,2,memories-of-the-alhambra-s01e02,S01E02,70
memories-of-the-alhambra,1,3,memories-of-the-alhambra-s01e03,S01E03,70
memories-of-the-alhambra,1,4,memories-of-the-alhambra-s01e04,S01E04,70
memories-of-the-alhambra,1,5,memories-of-the-alhambra-s01e05,S01E05,70
memories-of-the-alhambra,1,6,memories-of-the-alhambra-s01e06,S01E06,70
memories-of-the-alhambra,1,7,memories-of-the-alhambra-s01e07,S01E07,70
memories-of-the-alhambra,1,8,memories-of-the-alhambra-s01e08,S01E08,70
memories-of-the-alhambra,1,9,memories-of-the-alhambra-s01e09,S01E09,70
memories-of-the-alhambra,1,10,memories-of-the-alhambra-s01e10,S01E10,70
memories-of-the-alhambra,1,11,memories-of-the-alhambra-s01e11,S01E11,70
memories-of-the-alhambra,1,12,memories-of-the-alhambra-s01e12,S01E12,70
memories-of-the-alhambra,1,13,memories-of-the-alhambra-s01e13,S01E13,70
memories-of-the-alhambra,1,14,memories-of-the-alhambra-s01e14,S01E14,70
memories-of-the-alhambra,1,15,memories-of-the-alhambra-s01e15,S01E15,70
memories-of-the-alhambra,1,16,memories-of-the-alhambra-s01e16,S01E16,70
navillera,1,1,navillera-s01e01,S01E01,64
navillera,1,2,navillera-s01e02,S01E02,64
navillera,1,3,navillera-s01e03,S01E03,64
navillera,1,4,navillera-s01e04,S01E04,64
navillera,1,5,navillera-s01e05,S01E05,64
navillera,1,6,navillera-s01e06,S01E06,64
navillera,1,7,navillera-s01e07,S01E07,64
navillera,1,8,navillera-s01e08,S01E08,64
navillera,1,9,navillera-s01e09,S01E09,64
navillera,1,10,navillera-s01e10,S01E10,64
navillera,1,11,navillera-s01e11,S01E11,64
navillera,1,12,navillera-s01e12,S01E12,64
love-alarm,1,1,love-alarm-s01e01,S01E01,51
love-alarm,1,2,love-alarm-s01e02,S01E02,51
love-alarm,1,3,love-alarm-s01e03,S01E03,51
love-alarm,1,4,love-alarm-s01e04,S01E04,51
love-alarm,1,5,love-alarm-s01e05,S01E05,51
love-alarm,1,6,love-alarm-s01e06,S01E06,51
love-alarm,1,7,love-alarm-s01e07,S01E07,51
love-alarm,2,1,love-alarm-s02e01,S02E01,51
love-alarm,2,2,love-alarm-s02e02,S02E02,51
love-alarm,2,3,love-alarm-s02e03,S02E03,51
love-alarm,2,4,love-alarm-s02e04,S02E04,51
love-alarm,2,5,love-alarm-s02e05,S02E05,51
love-alarm,2,6,love-alarm-s02e06,S02E06,51
love-alarm,2,7,love-alarm-s02e07,S02E07,51
designated-survivor-60-days,1,1,designated-survivor-60-days-s01e01,S01E01,66
designated-survivor-60-days,1,2,designated-survivor-60-days-s01e02,S01E02,66
designated-survivor-60-days,1,3,designated-survivor-60-days-s01e03,S01E03,66
designated-survivor-60-days,1,4,designated-survivor-60-days-s01e04,S01E04,66
designated-survivor-60-days,1,5,designated-survivor-60-days-s01e05,S01E05,66
designated-survivor-60-days,1,6,designated-survivor-60-days-s01e06,S01E06,66
designated-survivor-60-days,1,7,designated-survivor-60-days-s01e07,S01E07,66
designated-survivor-60-days,1,8,designated-survivor-60-days-s01e08,S01E08,66
designated-survivor-60-days,1,9,designated-survivor-60-days-s01e09,S01E09,66
designated-survivor-60-days,1,10,designated-survivor-60-days-s01e10,S01E10,66
designated-survivor-60-days,1,11,designated-survivor-60-days-s01e11,S01E11,66
designated-survivor-60-days,1,12,designated-survivor-60-days-s01e12,S01E12,66
designated-survivor-60-days,1,13,designated-survivor-60-days-s01e13,S01E13,66
designated-survivor-60-days,1,14,designated-survivor-60-days-s01e14,S01E14,66
designated-survivor-60-days,1,15,designated-survivor-60-days-s01e15,S01E15,66
designated-survivor-60-days,1,16,designated-survivor-60-days-s01e16,S01E16,66
abyss,1,1,abyss-s01e01,S01E01,60
abyss,1,2,abyss-s01e02,S01E02,60
abyss,1,3,abyss-s01e03,S01E03,60
abyss,1,4,abyss-s01e04,S01E04,60
abyss,1,5,abyss-s01e05,S01E05,60
abyss,1,6,abyss-s01e06,S01E06,60
abyss,1,7,abyss-s01e07,S01E07,60
abyss,1,8,abyss-s01e08,S01E08,60
abyss,1,9,abyss-s01e09,S01E09,60
abyss,1,10,abyss-s01e10,S01E10,60
abyss,1,11,abyss-s01e11,S01E11,60
abyss,1,12,abyss-s01e12,S01E12,60
abyss,1,13,abyss-s01e13,S01E13,60
abyss,1,14,abyss-s01e14,S01E14,60
abyss,1,15,abyss-s01e15,S01E15,60
abyss,1,16,abyss-s01e16,S01E16,60
stranger-secret-forest,1,1,stranger-secret-forest-s01e01,S01E01,70
stranger-secret-forest,1,2,stranger-secret-forest-s01e02,S01E02,70
stranger-secret-forest,1,3,stranger-secret-forest-s01e03,S01E03,70
stranger-secret-forest,1,4,stranger-secret-forest-s01e04,S01E04,70
stranger-secret-forest,1,5,stranger-secret-forest-s01e05,S01E05,70
stranger-secret-forest,1,6,stranger-secret-forest-s01e06,S01E06,70
stranger-secret-forest,1,7,stranger-secret-forest-s01e07,S01E07,70
stranger-secret-forest,1,8,stranger-secret-forest-s01e08,S01E08,70
stranger-secret-forest,1,9,stranger-secret-forest-s01e09,S01E09,70
stranger-secret-forest,1,10,stranger-secret-forest-s01e10,S01E10,70
stranger-secret-forest,1,11,stranger-secret-forest-s01e11,S01E11,70
stranger-secret-forest,1,12,stranger-secret-forest-s01e12,S01E12,70
stranger-secret-forest,1,13,stranger-secret-forest-s01e13,S01E13,70
stranger-secret-forest,1,14,stranger-secret-forest-s01e14,S01E14,70
stranger-secret-forest,1,15,stranger-secret-forest-s01e15,S01E15,70
stranger-secret-forest,1,16,stranger-secret-forest-s01e16,S01E16,70
stranger-secret-forest,2,1,stranger-secret-forest-s02e01,S02E01,70
stranger-secret-forest,2,2,stranger-secret-forest-s02e02,S02E02,70
stranger-secret-forest,2,3,stranger-secret-forest-s02e03,S02E03,70
stranger-secret-forest,2,4,stranger-secret-forest-s02e04,S02E04,70
stranger-secret-forest,2,5,stranger-secret-forest-s02e05,S02E05,70
stranger-secret-forest,2,6,stranger-secret-forest-s02e06,S02E06,70
stranger-secret-forest,2,7,stranger-secret-forest-s02e07,S02E07,70
stranger-secret-forest,2,8,stranger-secret-forest-s02e08,S02E08,70
stranger-secret-forest,2,9,stranger-secret-forest-s02e09,S02E09,70
stranger-secret-forest,2,10,stranger-secret-forest-s02e10,S02E10,70
stranger-secret-forest,2,11,stranger-secret-forest-s02e11,S02E11,70
stranger-secret-forest,2,12,stranger-secret-forest-s02e12,S02E12,70
stranger-secret-forest,2,13,stranger-secret-forest-s02e13,S02E13,70
stranger-secret-forest,2,14,stranger-secret-forest-s02e14,S02E14,70
stranger-secret-forest,2,15,stranger-secret-forest-s02e15,S02E15,70
stranger-secret-forest,2,16,stranger-secret-forest-s02e16,S02E16,70
little-women,1,1,little-women-s01e01,S01E01,65
little-women,1,2,little-women-s01e02,S01E02,65
little-women,1,3,little-women-s01e03,S01E03,65
little-women,1,4,little-women-s01e04,S01E04,65
little-women,1,5,little-women-s01e05,S01E05,65
little-women,1,6,little-women-s01e06,S01E06,65
little-women,1,7,little-women-s01e07,S01E07,65
little-women,1,8,little-women-s01e08,S01E08,65
little-women,1,9,little-women-s01e09,S01E09,65
little-women,1,10,little-women-s01e10,S01E10,65
little-women,1,11,little-women-s01e11,S01E11,65
little-women,1,12,little-women-s01e12,S01E12,65
the-king-eternal-monarch,1,1,the-king-eternal-monarch-s01e01,S01E01,71
the-king-eternal-monarch,1,2,the-king-eternal-monarch-s01e02,S01E02,71
the-king-eternal-monarch,1,3,the-king-eternal-monarch-s01e03,S01E03,71
the-king-eternal-monarch,1,4,the-king-eternal-monarch-s01e04,S01E04,71
the-king-eternal-monarch,1,5,the-king-eternal-monarch-s01e05,S01E05,71
the-king-eternal-monarch,1,6,the-king-eternal-monarch-s01e06,S01E06,71
the-king-eternal-monarch,1,7,the-king-eternal-monarch-s01e07,S01E07,71
the-king-eternal-monarch,1,8,the-king-eternal-monarch-s01e08,S01E08,71
the-king-eternal-monarch,1,9,the-king-eternal-monarch-s01e09,S01E09,71
the-king-eternal-monarch,1,10,the-king-eternal-monarch-s01e10,S01E10,71
the-king-eternal-monarch,1,11,the-king-eternal-monarch-s01e11,S01E11,71
the-king-eternal-monarch,1,12,the-king-eternal-monarch-s01e12,S01E12,71
the-king-eternal-monarch,1,13,the-king-eternal-monarch-s01e13,S01E13,71
the-king-eternal-monarch,1,14,the-king-eternal-monarch-s01e14,S01E14,71
the-king-eternal-monarch,1,15,the-king-eternal-monarch-s01e15,S01E15,71
the-king-eternal-monarch,1,16,the-king-eternal-monarch-s01e16,S01E16,71
the-glory,1,1,the-glory-s01e01,S01E01,66
the-glory,1,2,the-glory-s01e02,S01E02,66
the-glory,1,3,the-glory-s01e03,S01E03,66
the-glory,1,4,the-glory-s01e04,S01E04,66
the-glory,1,5,the-glory-s01e05,S01E05,66
the-glory,1,6,the-glory-s01e06,S01E06,66
the-glory,1,7,the-glory-s01e07,S01E07,66
the-glory,1,8,the-glory-s01e08,S01E08,66
the-glory,1,9,the-glory-s01e09,S01E09,66
the-glory,1,10,the-glory-s01e10,S01E10,66
the-glory,1,11,the-glory-s01e11,S01E11,66
the-glory,1,12,the-glory-s01e12,S01E12,66
the-glory,1,13,the-glory-s01e13,S01E13,66
the-glory,1,14,the-glory-s01e14,S01E14,66
the-glory,1,15,the-glory-s01e15,S01E15,66
the-glory,1,16,the-glory-s01e16,S01E16,66
gyeongseong-creature,1,1,gyeongseong-creature-s01e01,S01E01,64
gyeongseong-creature,1,2,gyeongseong-creature-s01e02,S01E02,64
gyeongseong-creature,1,3,gyeongseong-creature-s01e03,S01E03,64
gyeongseong-creature,1,4,gyeongseong-creature-s01e04,S01E04,64
gyeongseong-creature,1,5,gyeongseong-creature-s01e05,S01E05,64
gyeongseong-creature,1,6,gyeongseong-creature-s01e06,S01E06,64
gyeongseong-creature,1,7,gyeongseong-creature-s01e07,S01E07,64
gyeongseong-creature,1,8,gyeongseong-creature-s01e08,S01E08,64
gyeongseong-creature,1,9,gyeongseong-creature-s01e09,S01E09,64
gyeongseong-creature,1,10,gyeongseong-creature-s01e10,S01E10,64
gyeongseong-creature,1,11,gyeongseong-creature-s01e11,S01E11,64
gyeongseong-creature,1,12,gyeongseong-creature-s01e12,S01E12,64
gyeongseong-creature,1,13,gyeongseong-creature-s01e13,S01E13,64
gyeongseong-creature,1,14,gyeongseong-creature-s01e14,S01E14,64
gyeongseong-creature,1,15,gyeongseong-creature-s01e15,S01E15,64
gyeongseong-creature,1,16,gyeongseong-creature-s01e16,S01E16,64
gyeongseong-creature,1,17,gyeongseong-creature-s01e17,S01E17,64
gyeongseong-creature,1,18,gyeongseong-creature-s01e18,S01E18,64
gyeongseong-creature,1,19,gyeongseong-creature-s01e19,S01E19,64
gyeongseong-creature,1,20,gyeongseong-creature-s01e20,S01E20,64
sweet-home,1,1,sweet-home-s01e01,S01E01,55
sweet-home,1,2,sweet-home-s01e02,S01E02,55
sweet-home,1,3,sweet-home-s01e03,S01E03,55
sweet-home,1,4,sweet-home-s01e04,S01E04,55
sweet-home,1,5,sweet-home-s01e05,S01E05,55
sweet-home,1,6,sweet-home-s01e06,S01E06,55
sweet-home,1,7,sweet-home-s01e07,S01E07,55
sweet-home,1,8,sweet-home-s01e08,S01E08,55
sweet-home,1,9,sweet-home-s01e09,S01E09,55
sweet-home,1,10,sweet-home-s01e10,S01E10,55
sweet-home,2,1,sweet-home-s02e01,S02E01,55
sweet-home,2,2,sweet-home-s02e02,S02E02,55
sweet-home,2,3,sweet-home-s02e03,S02E03,55
sweet-home,2,4,sweet-home-s02e04,S02E04,55
sweet-home,2,5,sweet-home-s02e05,S02E05,55
sweet-home,2,6,sweet-home-s02e06,S02E06,55
sweet-home,2,7,sweet-home-s02e07,S02E07,55
sweet-home,2,8,sweet-home-s02e08,S02E08,55
sweet-home,2,9,sweet-home-s02e09,S02E09,55
sweet-home,2,10,sweet-home-s02e10,S02E10,55
sweet-home,3,1,sweet-home-s03e01,S03E01,55
sweet-home,3,2,sweet-home-s03e02,S03E02,55
sweet-home,3,3,sweet-home-s03e03,S03E03,55
sweet-home,3,4,sweet-home-s03e04,S03E04,55
sweet-home,3,5,sweet-home-s03e05,S03E05,55
sweet-home,3,6,sweet-home-s03e06,S03E06,55
sweet-home,3,7,sweet-home-s03e07,S03E07,55
sweet-home,3,8,sweet-home-s03e08,S03E08,55
sweet-home,3,9,sweet-home-s03e09,S03E09,55
sweet-home,3,10,sweet-home-s03e10,S03E10,55
hierarchy,1,1,hierarchy-s01e01,S01E01,53
hierarchy,1,2,hierarchy-s01e02,S01E02,53
hierarchy,1,3,hierarchy-s01e03,S01E03,53
hierarchy,1,4,hierarchy-s01e04,S01E04,53
hierarchy,1,5,hierarchy-s01e05,S01E05,53
hierarchy,1,6,hierarchy-s01e06,S01E06,53
hierarchy,1,7,hierarchy-s01e07,S01E07,53
the-whirlwind,1,1,the-whirlwind-s01e01,S01E01,63
the-whirlwind,1,2,the-whirlwind-s01e02,S01E02,63
the-whirlwind,1,3,the-whirlwind-s01e03,S01E03,63
the-whirlwind,1,4,the-whirlwind-s01e04,S01E04,63
the-whirlwind,1,5,the-whirlwind-s01e05,S01E05,63
the-whirlwind,1,6,the-whirlwind-s01e06,S01E06,63
the-whirlwind,1,7,the-whirlwind-s01e07,S01E07,63
the-whirlwind,1,8,the-whirlwind-s01e08,S01E08,63
the-whirlwind,1,9,the-whirlwind-s01e09,S01E09,63
the-whirlwind,1,10,the-whirlwind-s01e10,S01E10,63
the-whirlwind,1,11,the-whirlwind-s01e11,S01E11,63
the-whirlwind,1,12,the-whirlwind-s01e12,S01E12,63
doona,1,1,doona-s01e01,S01E01,50
doona,1,2,doona-s01e02,S01E02,50
doona,1,3,doona-s01e03,S01E03,50
doona,1,4,doona-s01e04,S01E04,50
doona,1,5,doona-s01e05,S01E05,50
doona,1,6,doona-s01e06,S01E06,50
doona,1,7,doona-s01e07,S01E07,50
doona,1,8,doona-s01e08,S01E08,50
doona,1,9,doona-s01e09,S01E09,50
song-of-the-bandits,1,1,song-of-the-bandits-s01e01,S01E01,60
song-of-the-bandits,1,2,song-of-the-bandits-s01e02,S01E02,60
song-of-the-bandits,1,3,song-of-the-bandits-s01e03,S01E03,60
song-of-the-bandits,1,4,song-of-the-bandits-s01e04,S01E04,60
song-of-the-bandits,1,5,song-of-the-bandits-s01e05,S01E05,60
song-of-the-bandits,1,6,song-of-the-bandits-s01e06,S01E06,60
song-of-the-bandits,1,7,song-of-the-bandits-s01e07,S01E07,60
song-of-the-bandits,1,8,song-of-the-bandits-s01e08,S01E08,60
song-of-the-bandits,1,9,song-of-the-bandits-s01e09,S01E09,60
kingdom,1,1,kingdom-s01e01,S01E01,57
kingdom,1,2,kingdom-s01e02,S01E02,57
kingdom,1,3,kingdom-s01e03,S01E03,57
kingdom,1,4,kingdom-s01e04,S01E04,57
kingdom,1,5,kingdom-s01e05,S01E05,57
kingdom,1,6,kingdom-s01e06,S01E06,57
kingdom,2,1,kingdom-s02e01,S02E01,57
kingdom,2,2,kingdom-s02e02,S02E02,57
kingdom,2,3,kingdom-s02e03,S02E03,57
kingdom,2,4,kingdom-s02e04,S02E04,57
kingdom,2,5,kingdom-s02e05,S02E05,57
kingdom,2,6,kingdom-s02e06,S02E06,57
hellbound,1,1,hellbound-s01e01,S01E01,53
hellbound,1,2,hellbound-s01e02,S01E02,53
hellbound,1,3,hellbound-s01e03,S01E03,53
hellbound,1,4,hellbound-s01e04,S01E04,53
hellbound,1,5,hellbound-s01e05,S01E05,53
hellbound,1,6,hellbound-s01e06,S01E06,53
hellbound,2,1,hellbound-s02e01,S02E01,53
hellbound,2,2,hellbound-s02e02,S02E02,53
hellbound,2,3,hellbound-s02e03,S02E03,53
hellbound,2,4,hellbound-s02e04,S02E04,53
hellbound,2,5,hellbound-s02e05,S02E05,53
hellbound,2,6,hellbound-s02e06,S02E06,53
all-of-us-are-dead,1,1,all-of-us-are-dead-s01e01,S01E01,63
all-of-us-are-dead,1,2,all-of-us-are-dead-s01e02,S01E02,63
all-of-us-are-dead,1,3,all-of-us-are-dead-s01e03,S01E03,63
all-of-us-are-dead,1,4,all-of-us-are-dead-s01e04,S01E04,63
all-of-us-are-dead,1,5,all-of-us-are-dead-s01e05,S01E05,63
all-of-us-are-dead,1,6,all-of-us-are-dead-s01e06,S01E06,63
all-of-us-are-dead,1,7,all-of-us-are-dead-s01e07,S01E07,63
all-of-us-are-dead,1,8,all-of-us-are-dead-s01e08,S01E08,63
all-of-us-are-dead,1,9,all-of-us-are-dead-s01e09,S01E09,63
all-of-us-are-dead,2,1,all-of-us-are-dead-s02e01,S02E01,63
all-of-us-are-dead,2,2,all-of-us-are-dead-s02e02,S02E02,63
all-of-us-are-dead,2,3,all-of-us-are-dead-s02e03,S02E03,63
all-of-us-are-dead,2,4,all-of-us-are-dead-s02e04,S02E04,63
all-of-us-are-dead,2,5,all-of-us-are-dead-s02e05,S02E05,63
all-of-us-are-dead,2,6,all-of-us-are-dead-s02e06,S02E06,63
all-of-us-are-dead,2,7,all-of-us-are-dead-s02e07,S02E07,63
all-of-us-are-dead,2,8,all-of-us-are-dead-s02e08,S02E08,63
all-of-us-are-dead,2,9,all-of-us-are-dead-s02e09,S02E09,63
d-p,1,1,d-p-s01e01,S01E01,55
d-p,1,2,d-p-s01e02,S01E02,55
d-p,1,3,d-p-s01e03,S01E03,55
d-p,1,4,d-p-s01e04,S01E04,55
d-p,1,5,d-p-s01e05,S01E05,55
d-p,1,6,d-p-s01e06,S01E06,55
d-p,2,1,d-p-s02e01,S02E01,55
d-p,2,2,d-p-s02e02,S02E02,55
d-p,2,3,d-p-s02e03,S02E03,55
d-p,2,4,d-p-s02e04,S02E04,55
d-p,2,5,d-p-s02e05,S02E05,55
d-p,2,6,d-p-s02e06,S02E06,55
my-name,1,1,my-name-s01e01,S01E01,50
my-name,1,2,my-name-s01e02,S01E02,50
my-name,1,3,my-name-s01e03,S01E03,50
my-name,1,4,my-name-s01e04,S01E04,50
my-name,1,5,my-name-s01e05,S01E05,50
my-name,1,6,my-name-s01e06,S01E06,50
my-name,1,7,my-name-s01e07,S01E07,50
my-name,1,8,my-name-s01e08,S01E08,50
the-silent-sea,1,1,the-silent-sea-s01e01,S01E01,52
the-silent-sea,1,2,the-silent-sea-s01e02,S01E02,52
the-silent-sea,1,3,the-silent-sea-s01e03,S01E03,52
the-silent-sea,1,4,the-silent-sea-s01e04,S01E04,52
the-silent-sea,1,5,the-silent-sea-s01e05,S01E05,52
the-silent-sea,1,6,the-silent-sea-s01e06,S01E06,52
the-silent-sea,1,7,the-silent-sea-s01e07,S01E07,52
the-silent-sea,1,8,the-silent-sea-s01e08,S01E08,52
bloodhounds,1,1,bloodhounds-s01e01,S01E01,55
bloodhounds,1,2,bloodhounds-s01e02,S01E02,55
bloodhounds,1,3,bloodhounds-s01e03,S01E03,55
bloodhounds,1,4,bloodhounds-s01e04,S01E04,55
bloodhounds,1,5,bloodhounds-s01e05,S01E05,55
bloodhounds,1,6,bloodhounds-s01e06,S01E06,55
bloodhounds,1,7,bloodhounds-s01e07,S01E07,55
bloodhounds,1,8,bloodhounds-s01e08,S01E08,55
the-sound-of-magic,1,1,the-sound-of-magic-s01e01,S01E01,69
the-sound-of-magic,1,2,the-sound-of-magic-s01e02,S01E02,69
the-sound-of-magic,1,3,the-sound-of-magic-s01e03,S01E03,69
the-sound-of-magic,1,4,the-sound-of-magic-s01e04,S01E04,69
the-sound-of-magic,1,5,the-sound-of-magic-s01e05,S01E05,69
the-sound-of-magic,1,6,the-sound-of-magic-s01e06,S01E06,69
a-killer-paradox,1,1,a-killer-paradox-s01e01,S01E01,52
a-killer-paradox,1,2,a-killer-paradox-s01e02,S01E02,52
a-killer-paradox,1,3,a-killer-paradox-s01e03,S01E03,52
a-killer-paradox,1,4,a-killer-paradox-s01e04,S01E04,52
a-killer-paradox,1,5,a-killer-paradox-s01e05,S01E05,52
a-killer-paradox,1,6,a-killer-paradox-s01e06,S01E06,52
a-killer-paradox,1,7,a-killer-paradox-s01e07,S01E07,52
a-killer-paradox,1,8,a-killer-paradox-s01e08,S01E08,52
daily-dose-of-sunshine,1,1,daily-dose-of-sunshine-s01e01,S01E01,65
daily-dose-of-sunshine,1,2,daily-dose-of-sunshine-s01e02,S01E02,65
daily-dose-of-sunshine,1,3,daily-dose-of-sunshine-s01e03,S01E03,65
daily-dose-of-sunshine,1,4,daily-dose-of-sunshine-s01e04,S01E04,65
daily-dose-of-sunshine,1,5,daily-dose-of-sunshine-s01e05,S01E05,65
daily-dose-of-sunshine,1,6,daily-dose-of-sunshine-s01e06,S01E06,65
daily-dose-of-sunshine,1,7,daily-dose-of-sunshine-s01e07,S01E07,65
daily-dose-of-sunshine,1,8,daily-dose-of-sunshine-s01e08,S01E08,65
daily-dose-of-sunshine,1,9,daily-dose-of-sunshine-s01e09,S01E09,65
daily-dose-of-sunshine,1,10,daily-dose-of-sunshine-s01e10,S01E10,65
daily-dose-of-sunshine,1,11,daily-dose-of-sunshine-s01e11,S01E11,65
daily-dose-of-sunshine,1,12,daily-dose-of-sunshine-s01e12,S01E12,65
black-knight,1,1,black-knight-s01e01,S01E01,48
black-knight,1,2,black-knight-s01e02,S01E02,48
black-knight,1,3,black-knight-s01e03,S01E03,48
black-knight,1,4,black-knight-s01e04,S01E04,48
black-knight,1,5,black-knight-s01e05,S01E05,48
black-knight,1,6,black-knight-s01e06,S01E06,48
mask-girl,1,1,mask-girl-s01e01,S01E01,56
mask-girl,1,2,mask-girl-s01e02,S01E02,56
mask-girl,1,3,mask-girl-s01e03,S01E03,56
mask-girl,1,4,mask-girl-s01e04,S01E04,56
mask-girl,1,5,mask-girl-s01e05,S01E05,56
mask-girl,1,6,mask-girl-s01e06,S01E06,56
mask-girl,1,7,mask-girl-s01e07,S01E07,56
love-to-hate-you,1,1,love-to-hate-you-s01e01,S01E01,50
love-to-hate-you,1,2,love-to-hate-you-s01e02,S01E02,50
love-to-hate-you,1,3,love-to-hate-you-s01e03,S01E03,50
love-to-hate-you,1,4,love-to-hate-you-s01e04,S01E04,50
love-to-hate-you,1,5,love-to-hate-you-s01e05,S01E05,50
love-to-hate-you,1,6,love-to-hate-you-s01e06,S01E06,50
love-to-hate-you,1,7,love-to-hate-you-s01e07,S01E07,50
love-to-hate-you,1,8,love-to-hate-you-s01e08,S01E08,50
love-to-hate-you,1,9,love-to-hate-you-s01e09,S01E09,50
love-to-hate-you,1,10,love-to-hate-you-s01e10,S01E10,50
celebrity,1,1,celebrity-s01e01,S01E01,70
celebrity,1,2,celebrity-s01e02,S01E02,70
celebrity,1,3,celebrity-s01e03,S01E03,70
celebrity,1,4,celebrity-s01e04,S01E04,70
celebrity,1,5,celebrity-s01e05,S01E05,70
celebrity,1,6,celebrity-s01e06,S01E06,70
celebrity,1,7,celebrity-s01e07,S01E07,70
celebrity,1,8,celebrity-s01e08,S01E08,70
celebrity,1,9,celebrity-s01e09,S01E09,70
celebrity,1,10,celebrity-s01e10,S01E10,70
celebrity,1,11,celebrity-s01e11,S01E11,70
celebrity,1,12,celebrity-s01e12,S01E12,70
business-proposal,1,1,business-proposal-s01e01,S01E01,61
business-proposal,1,2,business-proposal-s01e02,S01E02,61
business-proposal,1,3,business-proposal-s01e03,S01E03,61
business-proposal,1,4,business-proposal-s01e04,S01E04,61
business-proposal,1,5,business-proposal-s01e05,S01E05,61
business-proposal,1,6,business-proposal-s01e06,S01E06,61
business-proposal,1,7,business-proposal-s01e07,S01E07,61
business-proposal,1,8,business-proposal-s01e08,S01E08,61
business-proposal,1,9,business-proposal-s01e09,S01E09,61
business-proposal,1,10,business-proposal-s01e10,S01E10,61
business-proposal,1,11,business-proposal-s01e11,S01E11,61
business-proposal,1,12,business-proposal-s01e12,S01E12,61
our-beloved-summer,1,1,our-beloved-summer-s01e01,S01E01,70
our-beloved-summer,1,2,our-beloved-summer-s01e02,S01E02,70
our-beloved-summer,1,3,our-beloved-summer-s01e03,S01E03,70
our-beloved-summer,1,4,our-beloved-summer-s01e04,S01E04,70
our-beloved-summer,1,5,our-beloved-summer-s01e05,S01E05,70
our-beloved-summer,1,6,our-beloved-summer-s01e06,S01E06,70
our-beloved-summer,1,7,our-beloved-summer-s01e07,S01E07,70
our-beloved-summer,1,8,our-beloved-summer-s01e08,S01E08,70
our-beloved-summer,1,9,our-beloved-summer-s01e09,S01E09,70
our-beloved-summer,1,10,our-beloved-summer-s01e10,S01E10,70
our-beloved-summer,1,11,our-beloved-summer-s01e11,S01E11,70
our-beloved-summer,1,12,our-beloved-summer-s01e12,S01E12,70
our-beloved-summer,1,13,our-beloved-summer-s01e13,S01E13,70
our-beloved-summer,1,14,our-beloved-summer-s01e14,S01E14,70
our-beloved-summer,1,15,our-beloved-summer-s01e15,S01E15,70
our-beloved-summer,1,16,our-beloved-summer-s01e16,S01E16,70
extraordinary-attorney-woo,1,1,extraordinary-attorney-woo-s01e01,S01E01,73
extraordinary-attorney-woo,1,2,extraordinary-attorney-woo-s01e02,S01E02,73
extraordinary-attorney-woo,1,3,extraordinary-attorney-woo-s01e03,S01E03,73
extraordinary-attorney-woo,1,4,extraordinary-attorney-woo-s01e04,S01E04,73
extraordinary-attorney-woo,1,5,extraordinary-attorney-woo-s01e05,S01E05,73
extraordinary-attorney-woo,1,6,extraordinary-attorney-woo-s01e06,S01E06,73
extraordinary-attorney-woo,1,7,extraordinary-attorney-woo-s01e07,S01E07,73
extraordinary-attorney-woo,1,8,extraordinary-attorney-woo-s01e08,S01E08,73
extraordinary-attorney-woo,1,9,extraordinary-attorney-woo-s01e09,S01E09,73
extraordinary-attorney-woo,1,10,extraordinary-attorney-woo-s01e10,S01E10,73
extraordinary-attorney-woo,1,11,extraordinary-attorney-woo-s01e11,S01E11,73
extraordinary-attorney-woo,1,12,extraordinary-attorney-woo-s01e12,S01E12,73
extraordinary-attorney-woo,1,13,extraordinary-attorney-woo-s01e13,S01E13,73
extraordinary-attorney-woo,1,14,extraordinary-attorney-woo-s01e14,S01E14,73
extraordinary-attorney-woo,1,15,extraordinary-attorney-woo-s01e15,S01E15,73
extraordinary-attorney-woo,1,16,extraordinary-attorney-woo-s01e16,S01E16,73
twenty-five-twenty-one,1,1,twenty-five-twenty-one-s01e01,S01E01,71
twenty-five-twenty-one,1,2,twenty-five-twenty-one-s01e02,S01E02,71
twenty-five-twenty-one,1,3,twenty-five-twenty-one-s01e03,S01E03,71
twenty-five-twenty-one,1,4,twenty-five-twenty-one-s01e04,S01E04,71
twenty-five-twenty-one,1,5,twenty-five-twenty-one-s01e05,S01E05,71
twenty-five-twenty-one,1,6,twenty-five-twenty-one-s01e06,S01E06,71
twenty-five-twenty-one,1,7,twenty-five-twenty-one-s01e07,S01E07,71
twenty-five-twenty-one,1,8,twenty-five-twenty-one-s01e08,S01E08,71
twenty-five-twenty-one,1,9,twenty-five-twenty-one-s01e09,S01E09,71
twenty-five-twenty-one,1,10,twenty-five-twenty-one-s01e10,S01E10,71
twenty-five-twenty-one,1,11,twenty-five-twenty-one-s01e11,S01E11,71
twenty-five-twenty-one,1,12,twenty-five-twenty-one-s01e12,S01E12,71
twenty-five-twenty-one,1,13,twenty-five-twenty-one-s01e13,S01E13,71
twenty-five-twenty-one,1,14,twenty-five-twenty-one-s01e14,S01E14,71
twenty-five-twenty-one,1,15,twenty-five-twenty-one-s01e15,S01E15,71
twenty-five-twenty-one,1,16,twenty-five-twenty-one-s01e16,S01E16,71
our-blues,1,1,our-blues-s01e01,S01E01,75
our-blues,1,2,our-blues-s01e02,S01E02,75
our-blues,1,3,our-blues-s01e03,S01E03,75
our-blues,1,4,our-blues-s01e04,S01E04,75
our-blues,1,5,our-blues-s01e05,S01E05,75
our-blues,1,6,our-blues-s01e06,S01E06,75
our-blues,1,7,our-blues-s01e07,S01E07,75
our-blues,1,8,our-blues-s01e08,S01E08,75
our-blues,1,9,our-blues-s01e09,S01E09,75
our-blues,1,10,our-blues-s01e10,S01E10,75
our-blues,1,11,our-blues-s01e11,S01E11,75
our-blues,1,12,our-blues-s01e12,S01E12,75
our-blues,1,13,our-blues-s01e13,S01E13,75
our-blues,1,14,our-blues-s01e14,S01E14,75
our-blues,1,15,our-blues-s01e15,S01E15,75
our-blues,1,16,our-blues-s01e16,S01E16,75
our-blues,1,17,our-blues-s01e17,S01E17,75
our-blues,1,18,our-blues-s01e18,S01E18,75
our-blues,1,19,our-blues-s01e19,S01E19,75
our-blues,1,20,our-blues-s01e20,S01E20,75
itaewon-class,1,1,itaewon-class-s01e01,S01E01,70
itaewon-class,1,2,itaewon-class-s01e02,S01E02,70
itaewon-class,1,3,itaewon-class-s01e03,S01E03,70
itaewon-class,1,4,itaewon-class-s01e04,S01E04,70
itaewon-class,1,5,itaewon-class-s01e05,S01E05,70
itaewon-class,1,6,itaewon-class-s01e06,S01E06,70
itaewon-class,1,7,itaewon-class-s01e07,S01E07,70
itaewon-class,1,8,itaewon-class-s01e08,S01E08,70
itaewon-class,1,9,itaewon-class-s01e09,S01E09,70
itaewon-class,1,10,itaewon-class-s01e10,S01E10,70
itaewon-class,1,11,itaewon-class-s01e11,S01E11,70
itaewon-class,1,12,itaewon-class-s01e12,S01E12,70
itaewon-class,1,13,itaewon-class-s01e13,S01E13,70
itaewon-class,1,14,itaewon-class-s01e14,S01E14,70
itaewon-class,1,15,itaewon-class-s01e15,S01E15,70
itaewon-class,1,16,itaewon-class-s01e16,S01E16,70
sisyphus-the-myth,1,1,sisyphus-the-myth-s01e01,S01E01,70
sisyphus-the-myth,1,2,sisyphus-the-myth-s01e02,S01E02,70
sisyphus-the-myth,1,3,sisyphus-the-myth-s01e03,S01E03,70
sisyphus-the-myth,1,4,sisyphus-the-myth-s01e04,S01E04,70
sisyphus-the-myth,1,5,sisyphus-the-myth-s01e05,S01E05,70
sisyphus-the-myth,1,6,sisyphus-the-myth-s01e06,S01E06,70
sisyphus-the-myth,1,7,sisyphus-the-myth-s01e07,S01E07,70
sisyphus-the-myth,1,8,sisyphus-the-myth-s01e08,S01E08,70
sisyphus-the-myth,1,9,sisyphus-the-myth-s01e09,S01E09,70
sisyphus-the-myth,1,10,sisyphus-the-myth-s01e10,S01E10,70
sisyphus-the-myth,1,11,sisyphus-the-myth-s01e11,S01E11,70
sisyphus-the-myth,1,12,sisyphus-the-myth-s01e12,S01E12,70
sisyphus-the-myth,1,13,sisyphus-the-myth-s01e13,S01E13,70
sisyphus-the-myth,1,14,sisyphus-the-myth-s01e14,S01E14,70
sisyphus-the-myth,1,15,sisyphus-the-myth-s01e15,S01E15,70
sisyphus-the-myth,1,16,sisyphus-the-myth-s01e16,S01E16,70
man-to-man,1,1,man-to-man-s01e01,S01E01,60
man-to-man,1,2,man-to-man-s01e02,S01E02,60
man-to-man,1,3,man-to-man-s01e03,S01E03,60
man-to-man,1,4,man-to-man-s01e04,S01E04,60
man-to-man,1,5,man-to-man-s01e05,S01E05,60
man-to-man,1,6,man-to-man-s01e06,S01E06,60
man-to-man,1,7,man-to-man-s01e07,S01E07,60
man-to-man,1,8,man-to-man-s01e08,S01E08,60
man-to-man,1,9,man-to-man-s01e09,S01E09,60
man-to-man,1,10,man-to-man-s01e10,S01E10,60
man-to-man,1,11,man-to-man-s01e11,S01E11,60
man-to-man,1,12,man-to-man-s01e12,S01E12,60
man-to-man,1,13,man-to-man-s01e13,S01E13,60
man-to-man,1,14,man-to-man-s01e14,S01E14,60
man-to-man,1,15,man-to-man-s01e15,S01E15,60
man-to-man,1,16,man-to-man-s01e16,S01E16,60
the-uncanny-counter,1,1,the-uncanny-counter-s01e01,S01E01,68
the-uncanny-counter,1,2,the-uncanny-counter-s01e02,S01E02,68
the-uncanny-counter,1,3,the-uncanny-counter-s01e03,S01E03,68
the-uncanny-counter,1,4,the-uncanny-counter-s01e04,S01E04,68
the-uncanny-counter,1,5,the-uncanny-counter-s01e05,S01E05,68
the-uncanny-counter,1,6,the-uncanny-counter-s01e06,S01E06,68
the-uncanny-counter,1,7,the-uncanny-counter-s01e07,S01E07,68
the-uncanny-counter,1,8,the-uncanny-counter-s01e08,S01E08,68
the-uncanny-counter,1,9,the-uncanny-counter-s01e09,S01E09,68
the-uncanny-counter,1,10,the-uncanny-counter-s01e10,S01E10,68
the-uncanny-counter,1,11,the-uncanny-counter-s01e11,S01E11,68
the-uncanny-counter,1,12,the-uncanny-counter-s01e12,S01E12,68
the-uncanny-counter,1,13,the-uncanny-counter-s01e13,S01E13,68
the-uncanny-counter,1,14,the-uncanny-counter-s01e14,S01E14,68
the-uncanny-counter,2,1,the-uncanny-counter-s02e01,S02E01,68
the-uncanny-counter,2,2,the-uncanny-counter-s02e02,S02E02,68
the-uncanny-counter,2,3,the-uncanny-counter-s02e03,S02E03,68
the-uncanny-counter,2,4,the-uncanny-counter-s02e04,S02E04,68
the-uncanny-counter,2,5,the-uncanny-counter-s02e05,S02E05,68
the-uncanny-counter,2,6,the-uncanny-counter-s02e06,S02E06,68
the-uncanny-counter,2,7,the-uncanny-counter-s02e07,S02E07,68
the-uncanny-counter,2,8,the-uncanny-counter-s02e08,S02E08,68
the-uncanny-counter,2,9,the-uncanny-counter-s02e09,S02E09,68
the-uncanny-counter,2,10,the-uncanny-counter-s02e10,S02E10,68
the-uncanny-counter,2,11,the-uncanny-counter-s02e11,S02E11,68
the-uncanny-counter,2,12,the-uncanny-counter-s02e12,S02E12,68
the-uncanny-counter,2,13,the-uncanny-counter-s02e13,S02E13,68
the-uncanny-counter,2,14,the-uncanny-counter-s02e14,S02E14,68
the-good-bad-mother,1,1,the-good-bad-mother-s01e01,S01E01,69
the-good-bad-mother,1,2,the-good-bad-mother-s01e02,S01E02,69
the-good-bad-mother,1,3,the-good-bad-mother-s01e03,S01E03,69
the-good-bad-mother,1,4,the-good-bad-mother-s01e04,S01E04,69
the-good-bad-mother,1,5,the-good-bad-mother-s01e05,S01E05,69
the-good-bad-mother,1,6,the-good-bad-mother-s01e06,S01E06,69
the-good-bad-mother,1,7,the-good-bad-mother-s01e07,S01E07,69
the-good-bad-mother,1,8,the-good-bad-mother-s01e08,S01E08,69
the-good-bad-mother,1,9,the-good-bad-mother-s01e09,S01E09,69
the-good-bad-mother,1,10,the-good-bad-mother-s01e10,S01E10,69
the-good-bad-mother,1,11,the-good-bad-mother-s01e11,S01E11,69
the-good-bad-mother,1,12,the-good-bad-mother-s01e12,S01E12,69
the-good-bad-mother,1,13,the-good-bad-mother-s01e13,S01E13,69
the-good-bad-mother,1,14,the-good-bad-mother-s01e14,S01E14,69
hotel-del-luna,1,1,hotel-del-luna-s01e01,S01E01,73
hotel-del-luna,1,2,hotel-del-luna-s01e02,S01E02,73
hotel-del-luna,1,3,hotel-del-luna-s01e03,S01E03,73
hotel-del-luna,1,4,hotel-del-luna-s01e04,S01E04,73
hotel-del-luna,1,5,hotel-del-luna-s01e05,S01E05,73
hotel-del-luna,1,6,hotel-del-luna-s01e06,S01E06,73
hotel-del-luna,1,7,hotel-del-luna-s01e07,S01E07,73
hotel-del-luna,1,8,hotel-del-luna-s01e08,S01E08,73
hotel-del-luna,1,9,hotel-del-luna-s01e09,S01E09,73
hotel-del-luna,1,10,hotel-del-luna-s01e10,S01E10,73
hotel-del-luna,1,11,hotel-del-luna-s01e11,S01E11,73
hotel-del-luna,1,12,hotel-del-luna-s01e12,S01E12,73
hotel-del-luna,1,13,hotel-del-luna-s01e13,S01E13,73
hotel-del-luna,1,14,hotel-del-luna-s01e14,S01E14,73
hotel-del-luna,1,15,hotel-del-luna-s01e15,S01E15,73
hotel-del-luna,1,16,hotel-del-luna-s01e16,S01E16,73
arthdal-chronicles,1,1,arthdal-chronicles-s01e01,S01E01,75
arthdal-chronicles,1,2,arthdal-chronicles-s01e02,S01E02,75
arthdal-chronicles,1,3,arthdal-chronicles-s01e03,S01E03,75
arthdal-chronicles,1,4,arthdal-chronicles-s01e04,S01E04,75
arthdal-chronicles,1,5,arthdal-chronicles-s01e05,S01E05,75
arthdal-chronicles,1,6,arthdal-chronicles-s01e06,S01E06,75
arthdal-chronicles,1,7,arthdal-chronicles-s01e07,S01E07,75
arthdal-chronicles,1,8,arthdal-chronicles-s01e08,S01E08,75
arthdal-chronicles,1,9,arthdal-chronicles-s01e09,S01E09,75
arthdal-chronicles,1,10,arthdal-chronicles-s01e10,S01E10,75
arthdal-chronicles,1,11,arthdal-chronicles-s01e11,S01E11,75
arthdal-chronicles,1,12,arthdal-chronicles-s01e12,S01E12,75
arthdal-chronicles,1,13,arthdal-chronicles-s01e13,S01E13,75
arthdal-chronicles,1,14,arthdal-chronicles-s01e14,S01E14,75
arthdal-chronicles,1,15,arthdal-chronicles-s01e15,S01E15,75
arthdal-chronicles,2,1,arthdal-chronicles-s02e01,S02E01,75
arthdal-chronicles,2,2,arthdal-chronicles-s02e02,S02E02,75
arthdal-chronicles,2,3,arthdal-chronicles-s02e03,S02E03,75
arthdal-chronicles,2,4,arthdal-chronicles-s02e04,S02E04,75
arthdal-chronicles,2,5,arthdal-chronicles-s02e05,S02E05,75
arthdal-chronicles,2,6,arthdal-chronicles-s02e06,S02E06,75
arthdal-chronicles,2,7,arthdal-chronicles-s02e07,S02E07,75
arthdal-chronicles,2,8,arthdal-chronicles-s02e08,S02E08,75
arthdal-chronicles,2,9,arthdal-chronicles-s02e09,S02E09,75
arthdal-chronicles,2,10,arthdal-chronicles-s02e10,S02E10,75
arthdal-chronicles,2,11,arthdal-chronicles-s02e11,S02E11,75
arthdal-chronicles,2,12,arthdal-chronicles-s02e12,S02E12,75
arthdal-chronicles,2,13,arthdal-chronicles-s02e13,S02E13,75
arthdal-chronicles,2,14,arthdal-chronicles-s02e14,S02E14,75
arthdal-chronicles,2,15,arthdal-chronicles-s02e15,S02E15,75
little-women-2018,1,1,little-women-2018-s01e01,S01E01,70
little-women-2018,1,2,little-women-2018-s01e02,S01E02,70
little-women-2018,1,3,little-women-2018-s01e03,S01E03,70
little-women-2018,1,4,little-women-2018-s01e04,S01E04,70
little-women-2018,1,5,little-women-2018-s01e05,S01E05,70
little-women-2018,1,6,little-women-2018-s01e06,S01E06,70
little-women-2018,1,7,little-women-2018-s01e07,S01E07,70
little-women-2018,1,8,little-women-2018-s01e08,S01E08,70
little-women-2018,1,9,little-women-2018-s01e09,S01E09,70
little-women-2018,1,10,little-women-2018-s01e10,S01E10,70
little-women-2018,1,11,little-women-2018-s01e11,S01E11,70
little-women-2018,1,12,little-women-2018-s01e12,S01E12,70
mr-queen,1,1,mr-queen-s01e01,S01E01,70
mr-queen,1,2,mr-queen-s01e02,S01E02,70
mr-queen,1,3,mr-queen-s01e03,S01E03,70
mr-queen,1,4,mr-queen-s01e04,S01E04,70
mr-queen,1,5,mr-queen-s01e05,S01E05,70
mr-queen,1,6,mr-queen-s01e06,S01E06,70
mr-queen,1,7,mr-queen-s01e07,S01E07,70
mr-queen,1,8,mr-queen-s01e08,S01E08,70
mr-queen,1,9,mr-queen-s01e09,S01E09,70
mr-queen,1,10,mr-queen-s01e10,S01E10,70
mr-queen,1,11,mr-queen-s01e11,S01E11,70
mr-queen,1,12,mr-queen-s01e12,S01E12,70
mr-queen,1,13,mr-queen-s01e13,S01E13,70
mr-queen,1,14,mr-queen-s01e14,S01E14,70
mr-queen,1,15,mr-queen-s01e15,S01E15,70
mr-queen,1,16,mr-queen-s01e16,S01E16,70
mr-queen,1,17,mr-queen-s01e17,S01E17,70
mr-queen,1,18,mr-queen-s01e18,S01E18,70
mr-queen,1,19,mr-queen-s01e19,S01E19,70
mr-queen,1,20,mr-queen-s01e20,S01E20,70
prison-playbook,1,1,prison-playbook-s01e01,S01E01,74
prison-playbook,1,2,prison-playbook-s01e02,S01E02,74
prison-playbook,1,3,prison-playbook-s01e03,S01E03,74
prison-playbook,1,4,prison-playbook-s01e04,S01E04,74
prison-playbook,1,5,prison-playbook-s01e05,S01E05,74
prison-playbook,1,6,prison-playbook-s01e06,S01E06,74
prison-playbook,1,7,prison-playbook-s01e07,S01E07,74
prison-playbook,1,8,prison-playbook-s01e08,S01E08,74
prison-playbook,1,9,prison-playbook-s01e09,S01E09,74
prison-playbook,1,10,prison-playbook-s01e10,S01E10,74
prison-playbook,1,11,prison-playbook-s01e11,S01E11,74
prison-playbook,1,12,prison-playbook-s01e12,S01E12,74
prison-playbook,1,13,prison-playbook-s01e13,S01E13,74
prison-playbook,1,14,prison-playbook-s01e14,S01E14,74
prison-playbook,1,15,prison-playbook-s01e15,S01E15,74
prison-playbook,1,16,prison-playbook-s01e16,S01E16,74
signal,1,1,signal-s01e01,S01E01,66
signal,1,2,signal-s01e02,S01E02,66
signal,1,3,signal-s01e03,S01E03,66
signal,1,4,signal-s01e04,S01E04,66
signal,1,5,signal-s01e05,S01E05,66
signal,1,6,signal-s01e06,S01E06,66
signal,1,7,signal-s01e07,S01E07,66
signal,1,8,signal-s01e08,S01E08,66
signal,1,9,signal-s01e09,S01E09,66
signal,1,10,signal-s01e10,S01E10,66
signal,1,11,signal-s01e11,S01E11,66
signal,1,12,signal-s01e12,S01E12,66
signal,1,13,signal-s01e13,S01E13,66
signal,1,14,signal-s01e14,S01E14,66
signal,1,15,signal-s01e15,S01E15,66
signal,1,16,signal-s01e16,S01E16,66
my-mister,1,1,my-mister-s01e01,S01E01,74
my-mister,1,2,my-mister-s01e02,S01E02,74
my-mister,1,3,my-mister-s01e03,S01E03,74
my-mister,1,4,my-mister-s01e04,S01E04,74
my-mister,1,5,my-mister-s01e05,S01E05,74
my-mister,1,6,my-mister-s01e06,S01E06,74
my-mister,1,7,my-mister-s01e07,S01E07,74
my-mister,1,8,my-mister-s01e08,S01E08,74
my-mister,1,9,my-mister-s01e09,S01E09,74
my-mister,1,10,my-mister-s01e10,S01E10,74
my-mister,1,11,my-mister-s01e11,S01E11,74
my-mister,1,12,my-mister-s01e12,S01E12,74
my-mister,1,13,my-mister-s01e13,S01E13,74
my-mister,1,14,my-mister-s01e14,S01E14,74
my-mister,1,15,my-mister-s01e15,S01E15,74
my-mister,1,16,my-mister-s01e16,S01E16,74
when-the-camellia-blooms,1,1,when-the-camellia-blooms-s01e01,S01E01,70
when-the-camellia-blooms,1,2,when-the-camellia-blooms-s01e02,S01E02,70
when-the-camellia-blooms,1,3,when-the-camellia-blooms-s01e03,S01E03,70
when-the-camellia-blooms,1,4,when-the-camellia-blooms-s01e04,S01E04,70
when-the-camellia-blooms,1,5,when-the-camellia-blooms-s01e05,S01E05,70
when-the-camellia-blooms,1,6,when-the-camellia-blooms-s01e06,S01E06,70
when-the-camellia-blooms,1,7,when-the-camellia-blooms-s01e07,S01E07,70
when-the-camellia-blooms,1,8,when-the-camellia-blooms-s01e08,S01E08,70
when-the-camellia-blooms,1,9,when-the-camellia-blooms-s01e09,S01E09,70
when-the-camellia-blooms,1,10,when-the-camellia-blooms-s01e10,S01E10,70
when-the-camellia-blooms,1,11,when-the-camellia-blooms-s01e11,S01E11,70
when-the-camellia-blooms,1,12,when-the-camellia-blooms-s01e12,S01E12,70
when-the-camellia-blooms,1,13,when-the-camellia-blooms-s01e13,S01E13,70
when-the-camellia-blooms,1,14,when-the-camellia-blooms-s01e14,S01E14,70
when-the-camellia-blooms,1,15,when-the-camellia-blooms-s01e15,S01E15,70
when-the-camellia-blooms,1,16,when-the-camellia-blooms-s01e16,S01E16,70
when-the-camellia-blooms,1,17,when-the-camellia-blooms-s01e17,S01E17,70
when-the-camellia-blooms,1,18,when-the-camellia-blooms-s01e18,S01E18,70
when-the-camellia-blooms,1,19,when-the-camellia-blooms-s01e19,S01E19,70
when-the-camellia-blooms,1,20,when-the-camellia-blooms-s01e20,S01E20,70
reply-1988,1,1,reply-1988-s01e01,S01E01,78
reply-1988,1,2,reply-1988-s01e02,S01E02,78
reply-1988,1,3,reply-1988-s01e03,S01E03,78
reply-1988,1,4,reply-1988-s01e04,S01E04,78
reply-1988,1,5,reply-1988-s01e05,S01E05,78
reply-1988,1,6,reply-1988-s01e06,S01E06,78
reply-1988,1,7,reply-1988-s01e07,S01E07,78
reply-1988,1,8,reply-1988-s01e08,S01E08,78
reply-1988,1,9,reply-1988-s01e09,S01E09,78
reply-1988,1,10,reply-1988-s01e10,S01E10,78
reply-1988,1,11,reply-1988-s01e11,S01E11,78
reply-1988,1,12,reply-1988-s01e12,S01E12,78
reply-1988,1,13,reply-1988-s01e13,S01E13,78
reply-1988,1,14,reply-1988-s01e14,S01E14,78
reply-1988,1,15,reply-1988-s01e15,S01E15,78
reply-1988,1,16,reply-1988-s01e16,S01E16,78
reply-1988,1,17,reply-1988-s01e17,S01E17,78
reply-1988,1,18,reply-1988-s01e18,S01E18,78
reply-1988,1,19,reply-1988-s01e19,S01E19,78
reply-1988,1,20,reply-1988-s01e20,S01E20,78
record-of-youth,1,1,record-of-youth-s01e01,S01E01,73
record-of-youth,1,2,record-of-youth-s01e02,S01E02,73
record-of-youth,1,3,record-of-youth-s01e03,S01E03,73
record-of-youth,1,4,record-of-youth-s01e04,S01E04,73
record-of-youth,1,5,record-of-youth-s01e05,S01E05,73
record-of-youth,1,6,record-of-youth-s01e06,S01E06,73
record-of-youth,1,7,record-of-youth-s01e07,S01E07,73
record-of-youth,1,8,record-of-youth-s01e08,S01E08,73
record-of-youth,1,9,record-of-youth-s01e09,S01E09,73
record-of-youth,1,10,record-of-youth-s01e10,S01E10,73
record-of-youth,1,11,record-of-youth-s01e11,S01E11,73
record-of-youth,1,12,record-of-youth-s01e12,S01E12,73
record-of-youth,1,13,record-of-youth-s01e13,S01E13,73
record-of-youth,1,14,record-of-youth-s01e14,S01E14,73
record-of-youth,1,15,record-of-youth-s01e15,S01E15,73
record-of-youth,1,16,record-of-youth-s01e16,S01E16,73
her-private-life,1,1,her-private-life-s01e01,S01E01,65
her-private-life,1,2,her-private-life-s01e02,S01E02,65
her-private-life,1,3,her-private-life-s01e03,S01E03,65
her-private-life,1,4,her-private-life-s01e04,S01E04,65
her-private-life,1,5,her-private-life-s01e05,S01E05,65
her-private-life,1,6,her-private-life-s01e06,S01E06,65
her-private-life,1,7,her-private-life-s01e07,S01E07,65
her-private-life,1,8,her-private-life-s01e08,S01E08,65
her-private-life,1,9,her-private-life-s01e09,S01E09,65
her-private-life,1,10,her-private-life-s01e10,S01E10,65
her-private-life,1,11,her-private-life-s01e11,S01E11,65
her-private-life,1,12,her-private-life-s01e12,S01E12,65
her-private-life,1,13,her-private-life-s01e13,S01E13,65
her-private-life,1,14,her-private-life-s01e14,S01E14,65
her-private-life,1,15,her-private-life-s01e15,S01E15,65
her-private-life,1,16,her-private-life-s01e16,S01E16,65
because-this-is-my-first-life,1,1,because-this-is-my-first-life-s01e01,S01E01,64
because-this-is-my-first-life,1,2,because-this-is-my-first-life-s01e02,S01E02,64
because-this-is-my-first-life,1,3,because-this-is-my-first-life-s01e03,S01E03,64
because-this-is-my-first-life,1,4,because-this-is-my-first-life-s01e04,S01E04,64
because-this-is-my-first-life,1,5,because-this-is-my-first-life-s01e05,S01E05,64
because-this-is-my-first-life,1,6,because-this-is-my-first-life-s01e06,S01E06,64
because-this-is-my-first-life,1,7,because-this-is-my-first-life-s01e07,S01E07,64
because-this-is-my-first-life,1,8,because-this-is-my-first-life-s01e08,S01E08,64
because-this-is-my-first-life,1,9,because-this-is-my-first-life-s01e09,S01E09,64
because-this-is-my-first-life,1,10,because-this-is-my-first-life-s01e10,S01E10,64
because-this-is-my-first-life,1,11,because-this-is-my-first-life-s01e11,S01E11,64
because-this-is-my-first-life,1,12,because-this-is-my-first-life-s01e12,S01E12,64
because-this-is-my-first-life,1,13,because-this-is-my-first-life-s01e13,S01E13,64
because-this-is-my-first-life,1,14,because-this-is-my-first-life-s01e14,S01E14,64
because-this-is-my-first-life,1,15,because-this-is-my-first-life-s01e15,S01E15,64
because-this-is-my-first-life,1,16,because-this-is-my-first-life-s01e16,S01E16,64
another-miss-oh,1,1,another-miss-oh-s01e01,S01E01,64
another-miss-oh,1,2,another-miss-oh-s01e02,S01E02,64
another-miss-oh,1,3,another-miss-oh-s01e03,S01E03,64
another-miss-oh,1,4,another-miss-oh-s01e04,S01E04,64
another-miss-oh,1,5,another-miss-oh-s01e05,S01E05,64
another-miss-oh,1,6,another-miss-oh-s01e06,S01E06,64
another-miss-oh,1,7,another-miss-oh-s01e07,S01E07,64
another-miss-oh,1,8,another-miss-oh-s01e08,S01E08,64
another-miss-oh,1,9,another-miss-oh-s01e09,S01E09,64
another-miss-oh,1,10,another-miss-oh-s01e10,S01E10,64
another-miss-oh,1,11,another-miss-oh-s01e11,S01E11,64
another-miss-oh,1,12,another-miss-oh-s01e12,S01E12,64
another-miss-oh,1,13,another-miss-oh-s01e13,S01E13,64
another-miss-oh,1,14,another-miss-oh-s01e14,S01E14,64
another-miss-oh,1,15,another-miss-oh-s01e15,S01E15,64
another-miss-oh,1,16,another-miss-oh-s01e16,S01E16,64
another-miss-oh,1,17,another-miss-oh-s01e17,S01E17,64
another-miss-oh,1,18,another-miss-oh-s01e18,S01E18,64
familiar-wife,1,1,familiar-wife-s01e01,S01E01,65
familiar-wife,1,2,familiar-wife-s01e02,S01E02,65
familiar-wife,1,3,familiar-wife-s01e03,S01E03,65
familiar-wife,1,4,familiar-wife-s01e04,S01E04,65
familiar-wife,1,5,familiar-wife-s01e05,S01E05,65
familiar-wife,1,6,familiar-wife-s01e06,S01E06,65
familiar-wife,1,7,familiar-wife-s01e07,S01E07,65
familiar-wife,1,8,familiar-wife-s01e08,S01E08,65
familiar-wife,1,9,familiar-wife-s01e09,S01E09,65
familiar-wife,1,10,familiar-wife-s01e10,S01E10,65
familiar-wife,1,11,familiar-wife-s01e11,S01E11,65
familiar-wife,1,12,familiar-wife-s01e12,S01E12,65
familiar-wife,1,13,familiar-wife-s01e13,S01E13,65
familiar-wife,1,14,familiar-wife-s01e14,S01E14,65
familiar-wife,1,15,familiar-wife-s01e15,S01E15,65
familiar-wife,1,16,familiar-wife-s01e16,S01E16,65
dear-my-friends,1,1,dear-my-friends-s01e01,S01E01,65
dear-my-friends,1,2,dear-my-friends-s01e02,S01E02,65
dear-my-friends,1,3,dear-my-friends-s01e03,S01E03,65
dear-my-friends,1,4,dear-my-friends-s01e04,S01E04,65
dear-my-friends,1,5,dear-my-friends-s01e05,S01E05,65
dear-my-friends,1,6,dear-my-friends-s01e06,S01E06,65
dear-my-friends,1,7,dear-my-friends-s01e07,S01E07,65
dear-my-friends,1,8,dear-my-friends-s01e08,S01E08,65
dear-my-friends,1,9,dear-my-friends-s01e09,S01E09,65
dear-my-friends,1,10,dear-my-friends-s01e10,S01E10,65
dear-my-friends,1,11,dear-my-friends-s01e11,S01E11,65
dear-my-friends,1,12,dear-my-friends-s01e12,S01E12,65
dear-my-friends,1,13,dear-my-friends-s01e13,S01E13,65
dear-my-friends,1,14,dear-my-friends-s01e14,S01E14,65
dear-my-friends,1,15,dear-my-friends-s01e15,S01E15,65
dear-my-friends,1,16,dear-my-friends-s01e16,S01E16,65
100-days-my-prince,1,1,100-days-my-prince-s01e01,S01E01,70
100-days-my-prince,1,2,100-days-my-prince-s01e02,S01E02,70
100-days-my-prince,1,3,100-days-my-prince-s01e03,S01E03,70
100-days-my-prince,1,4,100-days-my-prince-s01e04,S01E04,70
100-days-my-prince,1,5,100-days-my-prince-s01e05,S01E05,70
100-days-my-prince,1,6,100-days-my-prince-s01e06,S01E06,70
100-days-my-prince,1,7,100-days-my-prince-s01e07,S01E07,70
100-days-my-prince,1,8,100-days-my-prince-s01e08,S01E08,70
100-days-my-prince,1,9,100-days-my-prince-s01e09,S01E09,70
100-days-my-prince,1,10,100-days-my-prince-s01e10,S01E10,70
100-days-my-prince,1,11,100-days-my-prince-s01e11,S01E11,70
100-days-my-prince,1,12,100-days-my-prince-s01e12,S01E12,70
100-days-my-prince,1,13,100-days-my-prince-s01e13,S01E13,70
100-days-my-prince,1,14,100-days-my-prince-s01e14,S01E14,70
100-days-my-prince,1,15,100-days-my-prince-s01e15,S01E15,70
100-days-my-prince,1,16,100-days-my-prince-s01e16,S01E16,70
argon,1,1,argon-s01e01,S01E01,60
argon,1,2,argon-s01e02,S01E02,60
argon,1,3,argon-s01e03,S01E03,60
argon,1,4,argon-s01e04,S01E04,60
argon,1,5,argon-s01e05,S01E05,60
argon,1,6,argon-s01e06,S01E06,60
argon,1,7,argon-s01e07,S01E07,60
argon,1,8,argon-s01e08,S01E08,60
